{
	"id": "Slugcat_Prototype",
	"scene_folder": "scenes/slugcat_scientist",
	"images": [
		{
			"name": "scientist_select5",
			"pos": [
				183,
				173
			],
			"depth": 3.7,
			"shader": "Basic"
		},
		{
			"name": "scientist_select4",
			"pos": [
				183,
				173
			],
			"depth": 2.8,
			"shader": "Basic"
		},
		{
			"name": "scientist_select3",
			"pos": [
				183,
				173
			],
			"depth": 2.2,
			"shader": "Basic"
		},
		{
			"name": "scientist_select2",
			"pos": [
				183,
				173
			],
			"depth": 2.0,
			"shader": "Basic"
		},
		{
			"name": "scientist_select1",
			"pos": [
				183,
				173
			],
			"depth": 1.8,
			"shader": "Basic"
		},
		{
			"name": "scientist_select0",
			"pos": [
				183,
				173
			],
			"depth": 1.5,
			"shader": "Basic"
		}
	],
	"idle_depths": [
		2.8
	],
	"glow_pos": [
		688,
		484
	],
	"mark_pos": [
		689,
		583
	],
	"select_menu_pos": [
		0,
		0
	],
	"slugcat_depth": 2.8
}