{
	"id": "XuYangJerry.Scientist",
	"name": "Scientist",
	"description": "Having strong knowledge and thirst for knowledge, but...",
	"features": {
		"color": "7fffd4",
		"custom_colors": [
			{
				"name": "Body",
				"story": "7fffd4"
			},
			{
				"name": "Eyes",
				"story": "000000"
			},
			{
				"name": "Hat",
				"story": "d4171e"
			},
			{
				"name": "Glasses",
				"story": "000000"
			}
		],
		"diet": {
			"base": "White"
		},
		"auto_grab_batflies": true,
		"weight": [
			0.9,
			0.7
		],
		"tunnel_speed": 0.9,
		"climb_speed": 0.9,
		"walk_speed": 0.9,
		"crouch_stealth": 0.6,
		"throw_skill": 1,
		"lung_capacity": 0.8,
		"loudness": 0.6,
		"the_glow": false,
		"start_room": "CC_C07",
		"cycle_length_min": 5,
		"cycle_length_max": 17,
		"food_min": 5,
		"food_max": 8,
		"karma": 6,
		"karma_cap": 9,
		"timeline_before": "Rivulet",
		"timeline_after": "Yellow",
		"world_state": "Yellow",
		"select_menu_scene": "Slugcat_Prototype",
		"select_menu_scene_ascended": "Ghost_Prototype",
		"scientist/is_scientist": true,
		"scientist/lower_jump": 1,
		"scientist/can_pickup_shapespear_stuckinwall": true
	}
}